name,email
Sabuni
LABZ.AI
Datanect
Pafri GmbH
Consultant
no
La Ol` Markt
jjj
The Camel Company of Canada 
Devam trading 
Mediapoint 
Tal pnini Ltd
Sellbinder Interport
SHANGHAI WINMODE TRADING CO.
Original Räder 24 GmbH
KOB
Igefa E-Commerce
Hd Service srls
Carpincho
DIS AG
KPS
Tennis intention
Master school 
I don’t have a company 
Rara IT
hi7
Government of India
Loknath Gautam
Shopware AG
Manuszak Sp. Z o.o.
Fa. Handvers
The Sculptors Group
Arden Berlin
&Menzel
Nisez Trading LLC
iubh
Zalando
SELF EMMPLOYEE
iMotions AS
Appinio
Gulzar Bhatti Business Traders Company Pakistan 
Marktplatz GmbH 
WOW 
N/A
Cesarina 
Uri resourices quot 
Sharenny Kock 
Contorion
Motion Stories
ECDB
Lots Group
Drahtesel Plus 
Contorion GmbH
WONDER FF LLC
Student 
Ancestro 
Hazumicrafts
Self
Max stack Labs
Phönix Handels GmbH
OSF Digital
Metro Digital
choyon Technologies Deutschland GmbH
Adidas
Cultivo
---
The reatorsFair
Bekart Group
Student
Soulk
Osvaldo Balbuena Travel
Forum Berufsbildung
Winch GmbH
Former tausendkind
Sage development and consulting 
Mayeko
Radeberger Bilderrahmen GmbH
LN Capital
Sandgrows Digital Marketing
Ximena Fernández 
Sepideh sadi
fetou energie
O’Black
Direlli
Getonsol
JT-Consulting
iu international university
Passion Fit Food ltd
Prestige Motor Trader
Zili Immobilier
Twago
Easy store 
Auto1
WelcomeBerlin
Little Onesie
colombian foodie
LionUp Digital
Impulsion Group 
PwC
Wonder Rabbit Studio eGbR
Concentrix
Kühne Logistics University
Malena Matisse 
Nestn
Gertzen Digital Solutions 
mtopp.photography
DVGW
Mood Scent Bar / Ex Tchibo GmbH
Gate Innovation
Boy industries 
Thomas Richter Media
gansow
KingsLink
ECOGLOBAL GROUP
Netexo
Hochschule für Technik und Wirtschaft Berlin
Moon Power
Webathlet 
Zalando 
Alpalium GmbH
delivery hero
cristina vazquez art consulting
fme
theFigureOut
IP Media GmbH
Gas
NEX Aero
Sol8
Lalalegs
MBRF
hustle marketers
ONARFA Muhendislik
db Consulta
Kuehne Nagel
Whitespace
University of Europe for Applied Science
Alpaca MGO
Arden
AIQ
Fernuniversity Hagen 
Insekoia
Self entrepreneur 
Vietique
Steinbeis university 
None
Doni fruits
Pfotenmond
The ONE Cev 
Boxraws
Antheiafit
g&a management partner GmbH
Bao Nguyen
bbw Hochschule Berlin 
Foodwell
Emperyn Digital
AR. Enterprise
Börse Stuttgart Digital
MAC Products B.V.
Undp
Qure.ai
Splendid
La cave de Bacchus 
KALEA
DTG Consultancy / DTAG/ EE/ T-Mobile
athletic man GmbH
Upswings Enterprises
KMRL LTD.
Ministry Of Commerce 
Sportteam
CommRadar
Fragenzeit 
Freelancer
PawPro GmbH 
Lux-Eleven 
Pÿur
Estée Lauder
Nordic Event & Personal Management GmbH 
Eclear
Scientific Games Honsel GmbH
ITL LTD
Tanyel Klein Alldimez
clever4kage
INFORD
Get in Germany 
Glanz Berlin
BIKE24
PR Organics
Emenu 
SCA
RROKE
IGC
LordOfLocs Locs&Lifestyle 
SRH
ST360
ClickSpark Ventures
Tchibo gmbh
melibo
Acceleratoor.eu; ex-Zalando
F&F Pet Food GmbH
FRN Marketing e Assessoria
Adjust GmbH
StackofStones UG
DKB
BuzzKiez
Hellofresh 
Luqom
Amate
Kyiv Mohyla Academy
Arden university 
Alstom
Navid Azimy - Webdevelopement
C&A GmbH
FWF
Recommerce 360
SPAPOWER ACADEMY
TeamViewer
Easy Gründung
Eurocubes
Pepita Group Zrt.
PRmedia4you
HM
LEPACHA INTERNATIONAL TRADE 
MAER Soft LLP 
Market up
Nagoya Limited
Exude C. Collection 
Inter brand 
Capgemini
Amaze inn uk Ltd 
Nabeel Iqbal 
DIY Flower Steffi
MAUDAU
Alignowear
MyChinaSearch Ltd
Skillmea sro
Olizublogistics
Private
BSBI school
Wearit SNC 
CP E-commerce
Compuverse
Nahdi Medical
Cybertek.Hosting
Sedaya Globalindo
profarmer.eu Damian Kozera
La Perla di SaWi
Elastron
pirteck engineering and construction company
Holzwerk 
Qoob
Casimiro UG
University of Applied Sciences 
Hussein
Barmenia
BM Nesirov
Rapiscan
Björn Barthel
Dabaj 
Celui 
statpile
Arifbilici
Sebastian Lippert und Sina Müller GbR
Dropship
Own company 
Welkinkauf GmbH 
Solarsmith
Arnav Sameer Studio
tanushreesarkar.co
Concentrix 
SupplyX
RWTH Aachen University 
Gisma University
Mulokozi
Communardo
Freelancer 
PromptLab
Profina
Karikala
Jocatch
AMBOSS
4C GROUP AG
Emilia Vere
Riverty
gProduct
Optimized Tech & Bi
i want to created
Lohnsteuerhilfe 
Casablanca
Daisycon (part of Linehub)
vanessakottas.com
Financial consultant 
Birbank
E-commerce 
Grainlogy
Sinan Nar Einzelunternehmen
BFW
Berufsförderungswerk Mühlenbeck 
Berufsförderungswerk
Food Innovation Expert
boleto Gutting Machine
Lethem 
ALIAS SRL
Blu
Mtn
Flagbit
BDS Productions
Design hotel
Zalando SE
Fraunhofer HHI
df4f
DH
Stanley Group
TH Wildau
easyway energy
ITRex Group
Andarwin
Bioleria
TU Berlin 
Creative plus LTD 
Alibaba
Taskmonk
ShareNow
JM
PLATONIC
Iberdrola Deutschland
KPK
Na
Altogether 
Doreset
Kinderenok
hhl
Futurit
Xlay
Home to go
MeMyselfanI
Patsaysnope INC. 
Cherish Your Rose Enterprise
Quartus Ventures GmbH
Rahmenversand
VenturePackt M&A advisory
GCX
T.M. Textilhandels GmbH
ESSENNE
Ust
Flaconi
Delica AG
Allianz
Salut
Innotiva
Gallant sports
PSA Consultores 
Fast content
Bitvavo B.V.
Wish master 
X-brain’s  mobile shop
Piketec
Solaris
Sardar‘s
United Remote
Schweitzer energy project 
Abio
STE JEKTID SERVICES PRO
Mackbela_fashion 
----
Gisma University 
Meest Uk Ltd
Beryl-Shop
CareerFoundry 
ACMKS E-Mobilität & Energie
Bevanguardist
HeadingMars.com
Surroundly
BlissMiss Technology
Hello Fresh
Checkout Charlie
Iron Mountain
LinQSpire
IPRoyal
SIGALA
BBW hochschule
Normod
Kariz
HHU
Novo andina Amsterdam
FANFAN
AfghanGenix 
Hisham Sultan For Engineering 
MCS-Datalabs
SLIMMERLIFE DIET (CYPRUS) LTD
Abc
Bundesagentur für Arbeit 
SelectifyX
Weybridge Partners Ltd.
BSBI 
Pranee
Mackbela_fashion
IU Internationale university of Applied Sciences 
Mercedes
Golden paradise medical equipment 
Golgatha 
BogiGolf SC
University of Naples Parthenope
International University of Applied Science
Growth Grid
tangerins
Levit health
Onlineprinters
Independent
Onyx ltd
WEIBO Manufakturen GbR
Battlemount
McDonald’s 
Funkhaus
NTK
Easy Quizzz
Premals
MTSDsign
DraculaClothing
Workingbag
Aste Yapi
Nia
Cyberport SE
Trendline
Olha Pohl Consulting 
D&A holding 
no company
King Anto Corp
B-E Shop
Abax luxsky
Yenifly online store 
Shn company
salesnsells 
Z€RO official Ltd.
KENA African Naturals
Aerden university Berlin
Montblanc
MBOLOTOURS AFI & CO 
Wallapop
+Name-
Bärwaldt & Hiller GbR
Fragenzeit UG
lkjlkj
Amazon fab 
Roho UG
Redcare Pharmacy
CGI
Hubject
Promote
Tradeway.ltd@gmail.com
Amazon
Makerverse GmbH
Worten
Gwindi
Kascode
Queen Global
Ecommerce Analytic GMBH
Amri Systems 
ASML Berlin
Spice Junction
agribaba
Trainoble
Preet Construction
Ziegfeld GmbH & Co KG
Dhingra Provisional Store
Nani makani 
Research Assistant
Desal
Axelution
Jozzykickback
Homy
Min
DB Schenker
Qurastech
Moises guzzik franco 
Bev
Radek Moštek 
Forum
Aytji
Inflow 
Urban Solutions
svibe
Icona House LLC
Ga plus size mode
Boudir
UNICEF Deutschland (Ehrenamt) / Neuer Job ab 1. März
Aimee
Arkona Strandhotel
Lilium GmbH
Innovative farmer`s Seed LLP 
En création 
Regression consulting
ELNAMA
Cin cin berlin
Tesla manufacturing GmbH
AWS
Mohamed Rezk
Echelon Solution Group
GTAI
Betiad
Am.pm.berlin
Adonis Digital Marketing 
M.Kathpal Traders
On
Modern Investing Institute
A. R Brenya Company Ltd
CoreLabs Global
Art & Scenography-Design
Mobimeo
Liberty Damenmoden GmbH 
nu choices
BYOB
Bosch
Jamsheed Apparel
I am a Student 
liebtMedia
bbK Baubetreuung Kühn
Roche
CBRE 
Unit-A Technology Pvt Ltd
Rasch Cafe
Cosmo
STRATO
moebel.de
Microsoft
CreativeWeb
Go City GmbH
Steigenberger Hotels GmbH
B&B Invest
Mahfooz international 
Ojodigital
Global paradise 
UE
The Educationist Travel to Learn
Rainbow GraPrint GmbH
Blue Natura
Abdelheq Menasri 
Qwalux Hair 
ottonova
Anami beauty
RougeLink
Thies GmbH & Co. KG
Le Pont BEDIANG UG
Bizico
WEB4PRO Sustainable Solutions
Krösing Consulting
Projektwerk
Geowth
Softwarium LLC
KT
Reisetopia
Superjugend
Fadi Aamar
DCM
Luaz Fashions
Al raha mechanical Equipment company 
MPS Global
GÜNGÖR ARSLANTAS
Projektor
Marlena
Rizz marketing 
conplement AG
Exporgin
Clot Fitness Wear
GISMA University of Applied Science
Shuying Lu E-Commerce
Universität 
Sendica LTD
Adsquare
ARABICA BUSINESS GROUP
Chaat Production
Way tex
Deutsche Bank AG
Sustainserv
Mister Sandman GmbH
CGI Inc
Ableton
CRO Manager
zissu ltd
BSH Haushaltsgeräte GmbH
PRIVAGO
SRH Hochschule Berlin
Skin Glam Tech 
Buzzer Berlin
Kleinanzeigen
eboutiquefacile@gmail.com
Onename
Muhick International Limited
New Visions Berlín GmbH 
Abwechslungsreich 
Winbiz Ltd.
Visio7
Georgie`s
TradibgDrop
Web
StableScore AI
CareTours Hamburg 
Deloitte
Paramount Global
Campus and More GmbH
EASY CLICK PROJECT
Shein
K Design Schmuck Factory GmbH
Krznar
Reflections
HGB
Digital Joy GmbH
S/P Marketing Communications GmbH
Bluekaktus
Napoli Style
Astound Digital
Vör GmbH
Wooga
PAUL VALENTINE
Elixirock
Tadesh International Trade Limited
Bbw
Himalaya Wellness Company
Home0001
CMG
Tecnopa SL
Flink 
Warenwelt
EmmerGroup
B&W Handelsgesellschaft mbH
Dilkor Mebel 77
De Idea a Legado
Dafinitiq AI
Self employed
Studio Bej
Christoph Hollop 
self Employee 
Vids
Shark
Portrat
Arteuno
Athlex
Marmix Soft
Porsche Digital
Sparkup Marketing Solution
Hashtag You GmbH
Pronoord
SwissKrono
Sweet Passion GmbH
NAILfairy
Volytica Diagnostics
Raffles covers
Light Up Games
Claudia photos 
Digi Soft Ug
Mytheresa
Panther print 
Ecologic Markets
Radim Bureš
University of Bayreuth
hicartel
MSX International
IBM Software Labs
IU Internationale Hochschule Berlin
Mutare CBD
Rifat Seker (Einzelunternehmen)
New Life Landscapes 
Enpal
berlin school of business and innovation
Heidelberg Uni Klinikum 
Eurosig
Privat 
La Bissapologue 
Nesar Faizi LLC
Jumai
G2 Energies 
Fin bees
Bambino-kids
jumpszn
Hogiaf
R&R Trading
The two brothers
Sfa
Avanfryd
New Agra
C`mon
Farmie Technologies
Xhumano ICT & Business Consulting
Ria
bbw Hochschule Berlin
WeRide
Holidu Gmbh
Fraunhofer 
Ritsol ventures
In moda srl
zodziko
Berlin school of Buisness and Innovation
Radstand Enterprise 
AUTOGRAPH DESIGN AND CONSTRUCTION
Janine Grube
PolyUnion LTD
Webkul
Olesea Iordan
Harissa & Co
Carrlink
Kole
Lavy Beauty
media label
Bossio Feinkost
cristina vazquez
ajconnectprime
Bsbi
Worldone
Usmania
Infosys
August
Ilmenau Technical University 
Terramia
KP Business
Vivien Voigt
Mungha Advisors
Company TBD
Actum Digital
Talenlio
Liaise advisor
Amazon Logistics 
UPS
Google
Toos tech GmbH
Privat
BECKHA
AtHaus
Av solution 
Gupta multidiensten 
Job Seeking 
Mamutex s.r.o.
Berufskolleg Kuniberg
Kunigberg Berufsschule
Jwf
RCP
CP
Homelance LLC
Lagoon 
Hossa.
neelrajecom
Taj mahal 
Inflow
Dawnerz Inc
Sreekanth Nandakumar (HomeCompany)
Gellify 
Looking for a company
Amoreze
BELACEWIG 
------
Retail Merchandising Consultants
KOS GmbH
Peak Performance
Theodora  Constantin 
International+mind
Freelance
National Bank of Kuwait
Auras Europ
Flink SE
Freelance Consultant
Webanalytika
Cetes
AYNA
Geldify
EduInvest
PPRO
GOTEM 
We Hire SP.Z.O.O 
Mushtaq & Sons 
Hella
Ecomvolution
ExtraClass EdTech Private Limited 
Pro Gamers group
Studio Carol Silva 
Aloe Supreme Oy
Perfumeria Merkury 
Picanova Gmbh
Wayfair
Razor HQ GmbH & Co. KG
MW L. Design
CelestiCorp 
Ruhaan Exims
Skillexperten
Wadas Group
FilmBox4You
SOUQ
Bfw Berlin Brandenburg
SOUNDHOPE HOMES AND INVESTMENT LIMITED
BSFPRO
Thingscoquette
Bernd Lindau e.K
Autoteile Klostermann GmbH
BFW e.V.
Trekking Star e.K
Sac a Dos co ltd
Ukraine
S&S
PROINFLUENT
KaTFenix Ltd
Master Service 
ICOT & TOOTGC
Market Research consultant 
Baticom
Altogether
Zendis
Pasha Holding
Embawood
SRH Berlin 
Limitless Innovation
Otto von Guericke University
GE logistics
Talea Group
Lynk & Co
Vinscent GmbH
FetchCFD
Arden University
Ex Mister Spex
Freelancers 
RISK STUDIO
Emerald Shopping GmbH
Eurasian Learning Services
Academy Smart IT Company
TAORMINA LLC
Kuniberg Berufskolleg
Neolab
Kuniberg Berufskolleg
Efficio GmbH
Kadima Consulting
BlackWolf
3DFoods
AdMun
Ergoni
Galley Ventures 
Online Strategy
eBay GmbH
Starion 
Thrasio
Solactive AG
Airborn Crafts
Codecartz
CihanTasar
BLM Gmbh
Fuga Studios
John Doe Shoes
Klarna
CBRE @ Microsoft 
hayaway
MSI
Alkarmel
offtrails
Roland Baer
FLIZpay
A G EXPRESS
Thank you Chef
One37id
Uniq Solutions
Börse Stuttgart
GE Logistics business 
Second Life V
Zooplus SE
Hexad
Svítání
Carwow
Startup Corp.
kfzteile24 GmbH
Lindera
Arisogno
Hochschule Ansbach
Ökodorf Brodowin
Nadim Salous
ServicePlace.pro
Dgcorners
Nina Corp
Mister Sandman
Vraman Holidays Pvt. Ltd.
gravuru GmbH
ABCompany
Wunderfahrrad
GoldenTouch Digital
Ruban
Sellme.ee
Cmadosty Enterprise 
Morgane kontitsis 
Lebenswelt
Selfempoyed
QuantechSol Limited
tesls
Magzan
Manav Lubana
Accento
Mika Precious Pvt Ltd
Care Dorset
Elnotech 
THE PEAK BC 
DorosBeautyWeek
Lex Labs
kamand
KNOCKOUT STORE
AR Enterprise
Free Agent
Besitze noch keine Firma
gamesmounali
Bohnikat
Ozo Brothers SIA
Meinke
Rex Support Group Foundation 
Pin Ag
Dulcinéia Gomes
Iconprints
Ikuri
MAS
local
Ace Design UG
Silverstone
Trend 
Printify Inc
Berlin
Reindeerparts
Bayer
Portraitnet GmbH
Amlou
Ladenzeile GmbH
Theratill Handel UG
Neücube Agency
SF CONSULTING
Nisoti
no name
nessuna
Nivox
Business Angels Network GmbH
TH Nürnberg
S.A.T Enterprises ( Wild Hunter)
Keine
Fechner und Yilmaz GbR
Ogahdanfo Media Enterprise 
Hofstadt Bouw en Consultancy BV
Cept Company
dikilaservice sarl
The Travel Company GmbH 
Empresa OLIVA SURL
Handicap MediaNet Deutschland 
seth boakye enterprise
Htag consult 
Hamdeli 
Hmp umzüge
Stock Technology
Christine 
Taqueria Maria Mia 
Buv
Deccanpixels 
Botanery
Moro
GPB - Society for Human Resources Development and Education mbH GPB Berlin
Berlin Hochschule for Technik
Nimble group of companies 
Growpaths Coaching & Consulting 
Beats technology 
CSV
byrd
Lunar X
IT Eksperts
Cloudbiz Ltd
GoingVC
Ecommerce Performance
GPB
Webgears Group
Hns Buy limited 
Docebo
GISMA University of Applied Sciences
ShinebyDejan
Idealo
Self-employed 
fixlift
Betawox
Stadler
The Platform Group
SUF
tgsf
marketing  dz
Glenn Dortschack Consulting
Kings Worldwide Business
fei & dodo
DLR 
DCI
GLS
Freizeit Wittke
Zabethel Collection limited
Fikri Sendogan
6xds
Tinto
Institut für Lebensglücklichkeit - Lutz Ramlich
Parspolice.com
Words that work - copy that sells
Master of Search
FlixBus
eClear AG
Web developer/Accountant 
Saptro s.r.o.
Eiscafé Scutari
Smartlauf
CinSOIL
Remerge
Fressnapf
CyDevs
Suncity Travels
Verlag Homöopathie + Symbol
Audible
Solve22 GmbH
DTG
SAP LeanIX
Saptro
Ant & Elephant
Magnos Turbosystems GmbH
AVP 
Fashion Decor
Adesso.de
OXP7.com
Feine Ukraine
TU-berlin
Good rugs 
Fountain
Meest Int
Germany-Africa Startup Consultant 
DTEK
Vame LTD
God of Cards
Moselle International
Yusuf And Sons ltd
FutureJourney
Bac
Iconprints 
Innowise
Hot hot
Dataart
SEVENTHP
Toreins
mrge
Noble Zurich
Digital Avenue
Producthero
Webspark
Amarcado
Figpii
Frlnc
Meest International
Ministry of Foreign Trade  Democratic Republic of Congo
Meest
Radial Europe
Global online service 
Dorothyboakye91@gmail.com
Online Marketing Plus GmbH
Seth Boakye enterprise 
Kinetic
Luciano it-solutions
Riverty 
Freelance 
Cmc
Dudu Cristina 
Customs
Hydra
GBO
Scandiweb
Condor Airlines
Scandiweb 
Dev Paradise
GLF OP j.d.o.o.
Savant
Getir
Group24
AWS Amazon
mouzarine youghorta
iSQI Group
FATbit Technologies
THREE.E GmbH
Lija Creative
Nivara
Yvonne Sivapragasam
MoonSarl
Ets toure distribution 
ZUG
Rozmat khujaniyazov mchj
Reybex
KOS GmbH & CO.KG
Abuja Electricity Distribution Company
Frilancer
Betreuung
Adevinta
Imperfect*s creatives
Toedur
kleinanzeigen.de GmbH
Rivet
Vexcash AG
Jack Wolfskin
Oceanview
Vetsak
BTU
Unikat Travel and Healthcare Services
Jalal Aghamaliyev e.K.
Zuumeo gmbh
Black Box Solutions
AP Moller Maersk
Ferrandi paris
SKYLINX TEXTILES
TurControlSysteme
Anime4u
Decent Electro Ltd
JT
Space Egg
SY Teach & Coach
e-auto extras 
Indian Culture
Independent AI & Ecommerce Consulting
StoneCap
Textum
Schustertrade
GPB 
Sorrentino 
Hampton by Hilton Hotel
ex-Tiktok
Cosmic Commerce Limited
MEGLER Torque Cycle 
H-Hotels GmbH
Charlot GmbH 
Currently I am student in Marketing.
FRENCH DECOR
Farbraum Grafik
Dima event
Treptow
bank24
PMR
Yet to be launched 
ADDA
influencer
CODE University
Siebenhaar antriebstechnik GmbH
individual
Elite
AvP
https://www.futured.app/de/
Bammert Holding 
Channel Recordings
hicartel LLC
IU
Weta
FOLDS
Amazon logistics gmbh 
Winest
Molak Ecommerce OÜ
PharmaHera Service GmbH
NTIC CENTER
TCS
jk.consulting 
Overseas 
Tankorea logistics company limited 
EVERKI x JP Journey
Rasch Café
Who pays
Winmy11
Turboslow
rave savvy
Infinity Online Services
MIGOSMEDIA
Easykhaliji
Other
Ed Mehravaran
WEST END STOCK GmbH
Netnest
Third Eye Festival 
Bloody Brilliants
Saghar traders
Golden querns
Emenu
MEGLER torque cycle
Tehseen Ali
Om fashion
Deals4you
University of Twente
Yachtpeak
Fredriel Premier Network
Andreas Vogler / Support Excellence
Ielts.success.tips
CVGEN APP SUPPRT GmbH
Loox
Casual Cast
S2S dynamics ug 
Yuval Geva
PST
i7therapeutics Herbal 
freelancees
FlexiRevive LLC
Erilow
no Company yet
Radical.sm
Cyril R. Design Studio
Habib Gulzar International LLC
SRH berlin
AKeyanntech Solutions private limited
Canion 3D
International University of Applied Sciences
Terve Elo LLC
Vnukov&co
Meta
GAH Commuter
TerraIT
The Creative Club
Medicover Genetics GmbH
Barber BNB
ENTERI SHPK
Natum Care LTD
Almuriyat
Der Schaumschläger
Treatwelll
happy person
burgan bank
Degreens Deutschland
Media Consulting
Siemens 
Klub Aktywnych Sp. z o.o.
medialabel Network GmbH
Seruwa global
Ets toure distribution
NoCo Space 
Wise Brains Academy
PR Fashion 
Cloudbiz Ltd.
I am employee
Ariya InfoTech
Preconnect Digital Pvt Ltd
Hochschule für Nachhaltige Entwicklung Eberswalde
WEST CARGO GROUP 
PB infotech
Iu internationale hochschule
Selbstständig
VDC
Not yet
Nbi Group 
I am currently exploring opportunities in fashion and Web3
Schöne Möbel
3DMAX
Elephant Stock
Campus Berlin
East West Unternehmensberatung Consulting
WordFactory 
Zunera Shahid
Center of Excellence for the Deaf
Sheiban
D. Peter Wegner
Instant-EX 
itravel
Silvio Deda
Noir Cloud
Review Engine
Ingmar Heinrich IT Management Consulting
Octoflow OÜ
Kaufland e-commerce Services GmbH & Co. KG
Mobile.de GmbH
Gymondo
Digital by Nature
Star Poultry
Self-employed
Florida Eis Manufaktur
Synel Va UG
ASHUR FOR COMMUNICATION AND DIGITAL NETWORK
Ornate Sol Gmbh
Sip N Bite App
abur
E-CMN Service Sarl
Recess London
Bjerkendahl 
Goodfoorm gmbh
Amazon Development center Poland 
Ghannam 
Italmangia 
GRANDE
Media Sp. z o.o.
Management Investment Company
MCP GROUP
Alessandra Abballe
Quadra freelancers Private Limited 
Lowbed Transport Lojistik
micropayment GmbH
Achtsam
Niralis small business 
Veggie_dk 
INNO
PHO Noodlebar
Shopdaddy-Studio
E&f company 
Spapower Company sp zoo
Ana group 
Azimi Shinozada group of companies 
manarat Ltd 
Madello Consulting
KDP Master Inc
23HomeDesign
Christine`s
University of Osnabrück 
Mushroomi
Labreeze ltd
Gatement.com
VentureDive
Lokahi BV
Zas Adverts
Binovate 
Msx inyernational
Nobo Team Sp. zoo 
Adams loft
Mahar coffee ltd
Freeway trade ltd
Not yet registered 
Alchemy
Nimerex
Kausar Group
Spring Consult
Andreea Dican Photography
ajprime
Global Service Synergy 
KENPAL SUPPLY AND SERVICES 
Formlabs 
Ora
B2B
KEco
Scrolling Media
Epam Systems
Jawa Bumi Lestari
Digital Turbine
Webmeister360
Global Service&Synergy
Eternamente
ZEK E.E.
Ascend technology 
ASAP
Altynduwme
Kapital Bank
milook
Dall’s business 
QCells GmbH
Clammas ltd
2oceans
Bocanegra Fotograf
Global 
Safari Construction
Trade Republic
Cogito acumen 
Content global resources limited 
dhl lab
Shine
Epitech
Education Solutions Network
SaaS Scalers
Sensationy
2b Vision Technlogies
HelloFresh
Sorvella Perfume
O!Bank
Technical hochschule ingolstadt 
Teamviewe
Joypac
Hadouchrevolution 
SupportiYa 
SupportiYa
Freelancer from Lateinamerika 
Tradebyte Software GmbH
She Manifest
Soleil Sundays
NK Natalie Kubala 
iVyne
Boris Dittberner 
Wierchula Lawyer 
Mhark Zone
Bara import export
44de.ua
Matugga Parents secondary school
Ayadi
Rachelps1
Hive
MBition
BroSolutions
Claire’s 
HQ
PhD candidate
TheCreator.Inc
Planzer Transport AG
Cornelsen
Jess
Hubvisory
PERFECT SOLUTION TRADING
Spiced Academy 
Fricke Holding Group
Nrten LTD
Orayan Enterprise 
B2n Corp
NATTYGALLERY
AL- AMIR & AL-MUSTAF FOODSTUFF 
Meta 
HWR Berlin
Le vendeur sarl. 
Hauffe Consulting
Aloe Supreme Oy / Ltd
Thyssenkrupp Schulte GmbH 
Gerso International Contracting GmbH
Telein
AID-NETWORK
Talent Point Initiative
Lenze
HOLY Energy 
Gold-swan EHF
Anton Oliinyk
COSMELUXE
DAM`S JUNIOR SERVICES 
Snocks
Colin Schmidt
Noble Nest LLC
University of europe applied science
DPR e-com
New English Hub
Somerbond 
LUKOIL Lubricants Company
Kula partners
Hedo Ltd 
Casa Brazilis
Prodshop
Nostalgie Studio
Cassia Carolina Leal dos Santos Frainer
Bilger.lt
Zanoli
Singularity Rafal Roszak
Moon Sarl
Live-storytelling production 
Kephas 
Telquest International
Advantage Group
Expertio Ltd
Hybe.io
Moneytor
Adflow Marketing
DVAG
WD049
ENVIRO SPIEL
Ebocamlink Properties 
T-DIAP 
Thelma Impact Consulting 
Denisa-Maria Aldea
VS
SARL BAT
Support Sync Ltd
IV-Markets
Hwear
BuyBox Agency
JS RETAIL SP ZOO
EMPIRETEXTILE 
PROD Digital
PIa Media GmbH
MDO Group
B2B Hub
MSAQ MARCHE 
Rudi Cahyono
Yellow grape
Fehu Marketing Limited 
KIKI`S AFRICAN FASHION LTD 
PIENETWORK
María José 
Seenow Media 
SOUALI SALAH
Vjbdjm 
THE INNOVATION 
Lazuno
WIPO
Hydac software
UniRents
Digital Traffic PRO
UBINI INDUSTRIAL NIGERIA LIMITED
e/auto extras 
Ounass
Mr.o.chic
Staplex Corporate Ventures
eurl kbs global
V&V Global 
HARDSELL ENTERPRISES
Polonia molonia
MERLOT
ideo
Delimato BV
International PR & Branding
Glazkova e-Commerce 
Wcs
Erts Marek Krótkiewicz
YS ENTERPRISES
Web2Go.pl
Sport Arsenal DE
Axu
Öffentlicher Dienst
Yusuf Arslan Commerce
Maksik
Naldo e Antony
Aleksandar Bajic
Aleksandar Bajic 
DE DONAPEC GLOBAL RESOURCES
Trive
IMO Holidays
KofferKondome & Friends 
italin Group Srl
LLC `ADINDEX`.
Planownia 
HUK
KASSAMA DI KASSAMA LAMIN
Pawcessori
Permalink Business Ltd
ZYDAP LLP
2b vision technologies
Savenko 
Nostoc limited
Joele
CASSANO COMMERCR LTD
MAMUKI
MD E-Commerce
SooqIraq
Feltham Limited
Q3R4
PKIT Consulting GmbH 
22 shopping 
Aytac Seven
Signateur
Ecomlux
6ill6oard
MelloCraft consulting
Spotin
Forex treaded
Naher Al Doha Technical Services LLC 
Hi-Tech electronic system
HQP
Noch nicht gegründet
Design Haven
DOZ.pl
Sagar 
FATI FASHION & BEAUTY DEALER
Man-Ngoc Truong
TrendPulse
Dienes Eventmanagement
UCP 
VS Technologies 
 Md Badhon 
PKARIZUS LIMITED
ROCKSTONE KITCHEN & FITTINGS
Drakecox vetures 
IU Berlin
Khas-khaz LLC
Fame Africa 
Personne physique mohamed abdelkrim chikhi
XX
Iran Marketing
Faisal Fateh ltd 
Tagel Group Ltd
Fudyfand
Kaufraum
Tawfiq Bakhti 
B&S 
Sproutgigs 
Adury industry 
Elaraby
Max Vitality
Dm trader
Artilab.pro
Agence cross
Electric bill 
Bata
Haras des granges 
VAME
Taxdoo
Buyspry
SecondSummit
epay worldwide
Netex
Mutual Engineering Pvt Ltd 
Abcl
Wgentech
Wasali
Rdey
PSS CREATIVE AGENCY LLC
Kskma
Gk
Ka
Bulbul
Allegro
Karthi
Venom Fire Protection
Roar Creatives
Merchants Dimensions Data 
Expandly
Paramount Students
Turkish Technology
Metadrob
VAME Philippines
Madagascar 
Erra
Omex Courier and Logistics Limited
Infotech 
Oo
fantasia
The Business Matcher
Free
Berlin Brands Group
Leylamatar.pro
Mex
Yuda fotografer
Pliant
Consiliul judetean Cluj
VERVAUNT
Robin Steudel
HWR
Wyatt Prism 
University of the punjab
tanosnf
ActioHX 
Md pico hosen
SMC CONSULTING SRL
Corem
san coffee corporation
Effena
Holoride 
Remote Work and Stay Private Limited 
Pacífico Salud EPS
Lifetouch Film Group Limited 
DVS
Eatech
V.A.L.E Recycling SHPK
V.A.L.E. Recycling
Cloudflight
Automatical
HeyJobs GmbH
Ventano Beschläge GmbH
ATERO U LIMITED 
Weber
Owner of Master Readymade Clothes Company
PEARLS RW
marika
ZS group
Stockografija
Compressionsocks.ca
InStaff
Momentum Visible
Mohamed 
MetLife
Apple 
USN
Wagemann + Partner
Deutsche bank
jakotagomovers
Textbroker
Bright Data
Goma Zotaj
Mentor Media Ltd
PLACEMENT.cz
Nexi A/S
NEXI
The Founders
Saxo bank
Cleverbridge GmbH
CircuLift
EasyBuy
Smart Growth
IPST
Laboratoire finol
Bitkollegen
gatilych llc 1
Gatilych LLC 
GSM
Sintra
turkey
Goki gm
University of Cologne
Metropol Fm 
xinergy global
fonlos services GmbH & Co. KG
Voyado
Open to work
adventures bg ood
Goddaer & Co
Querplex
dropea
Leadnow
Egmont
blue ocean
Sundance Vacations
home
Thinkers
Takkt AG
University of Navarra
Metricool
Uberall
ej.AI.minds
naikcode
Aybee
Glow25
Luigi`s Box
Wethebrands
Beilmann Marketing
McKinsey
Zoey Austin
Saipem
VO
Adobe
mad rad sina
GEEKOM
Margaret O`Connor Writes LLC
Almarai company Saudi Arabia 
 Beko
Hyper Post
Afridesign
KPD
Standard media group 
Axenti Ion
Insightsahas 
sprinterra
BikeClub
Axenti Cristina
Field Gripe
Fiverr
Estate Market solutions
Pasargad Electronic Payment
Kaklotar LTD
Phytochem Co Ltd
Georg Lemke
Memas
Gaudy Foods / Milano Vice 
Nivara Comfort
Vista Wave
Byrist E-Commerce
Semrush
United Nations University
Sanevix
Recallify
Don’t have any
Schultz Projekt Consult
Okine Fabrications 
Primemissions.com
Chyavmyav 
Pliant GmbH
Trend Hydra
sparktribe Ltd
University of koblenz
Surabhi Raj
Afri design 
Lumipra
Burger King GmbH
Webtycoon infotech
Orilogic
Madrock