username;followers
ego_digital_agency;81
sagarcasm;530131
trendpulseofficial;1037
supersmart_kitchen;2028
pacifico_seguros;101251
shippingboofficiel;654
baobabentertainment1;581
primusinterpares.coaching;3318
thyssenkruppausbildung;2688
dymatrixinsights;453
ecommerce_hustle;5567
basilicom.berlin;256
tradebyte_inside;1721
beautanic_lashes;703
newnaturalberlin;861
soulsync.ltd;2575
Vinkoprom;1365
yamashitayousuke;76616
prefixbox_search;83
accessafe_uk_ltd;85
gifts_overseas;1547
brands_from_london_9797;3395
ifzauae;15337
promo_stratify;1299
ravespace.club;1573
splendid.dance;3298
dcypher.me;15546
getbyrd;1245
moda.abstratum;2501
webworksdesign;99
incubetaglobal;1340
playableworlds;363
stonecapretail;819
ariyainfotechofficial;113
mobile_de;32104
readly.sverige;3912
za.advertising;29543
shop_gobananas;2822
2b_technologies;473
storaensoworld;14612
moonlines.sarl;998
ux3d_ar;0
pia_media_;480
frameshonduras;6863
awin;7049
assetgli;1663
vameltd;549
bettermailclub;88
onmaonlinemarketing;568
strvcom;7716
xpln.20;0
erlebemckinsey;11489
filtrart_kunst;123
goldentouch_repair;593
integralads;1655
fieldfisher_germany;840
schnellmedia_azubis;640
dataonegmbh;340
bertelsmann_erleben;8348
propicks.vip;2438
cloubiz;135
livebit.band;246
